symbol,date,open,high,low,close,volume
GXH.NZ,2021-11-22,1.16,1.17,1.16,1.16,51744
GXH.NZ,2021-11-23,1.16,1.16,1.15,1.15,77135
GXH.NZ,2021-11-24,1.16,1.16,1.15,1.15,1102
GXH.NZ,2021-11-25,1.18,1.19,1.15,1.15,6782
GXH.NZ,2021-11-26,1.2,1.25,1.2,1.22,62827
GXH.NZ,2021-11-29,1.22,1.22,1.19,1.19,29963
GXH.NZ,2021-11-30,1.18,1.21,1.17,1.2,31425
GXH.NZ,2021-12-01,1.2,1.2,1.2,1.2,29376
GXH.NZ,2021-12-02,1.19,1.22,1.19,1.2,21752
GXH.NZ,2021-12-03,1.2,1.2,1.19,1.19,13754
GXH.NZ,2021-12-06,1.18,1.19,1.18,1.19,2824
GXH.NZ,2021-12-07,1.17,1.17,1.14,1.14,114052
GXH.NZ,2021-12-08,1.15,1.15,1.15,1.15,642
GXH.NZ,2021-12-09,1.14,1.14,1.14,1.14,3313
GXH.NZ,2021-12-10,1.14,1.14,1.12,1.14,22370
GXH.NZ,2021-12-13,1.15,1.16,1.15,1.15,26336
GXH.NZ,2021-12-14,1.17,1.17,1.14,1.14,9898
GXH.NZ,2021-12-15,1.17,1.17,1.17,1.17,5509
GXH.NZ,2021-12-16,1.17,1.17,1.14,1.14,15082
GXH.NZ,2021-12-17,1.17,1.17,1.15,1.15,9035
GXH.NZ,2021-12-20,1.15,1.16,1.15,1.16,38908
GXH.NZ,2021-12-21,1.14,1.14,1.14,1.14,7568
GXH.NZ,2021-12-22,1.14,1.14,1.14,1.14,19595
GXH.NZ,2021-12-23,1.15,1.15,1.14,1.14,21935
GXH.NZ,2021-12-24,1.14,1.14,1.14,1.14,0
GXH.NZ,2021-12-29,1.15,1.17,1.14,1.17,35425
GXH.NZ,2021-12-30,1.18,1.19,1.18,1.18,37739
GXH.NZ,2021-12-31,1.19,1.19,1.19,1.19,1239
GXH.NZ,2022-01-05,1.18,1.19,1.18,1.19,52022
GXH.NZ,2022-01-06,1.19,1.21,1.19,1.2,53691
GXH.NZ,2022-01-07,1.2,1.21,1.2,1.21,709
GXH.NZ,2022-01-10,1.21,1.22,1.2,1.2,24733
GXH.NZ,2022-01-11,1.22,1.22,1.2,1.2,83875
GXH.NZ,2022-01-12,1.22,1.22,1.19,1.19,1150
GXH.NZ,2022-01-13,1.19,1.22,1.19,1.22,44621
GXH.NZ,2022-01-14,1.22,1.22,1.2,1.2,65124
GXH.NZ,2022-01-17,1.21,1.21,1.21,1.21,9852
GXH.NZ,2022-01-18,1.21,1.21,1.2,1.2,5728
GXH.NZ,2022-01-19,1.19,1.2,1.14,1.15,43810
GXH.NZ,2022-01-20,1.18,1.18,1.14,1.15,83311
GXH.NZ,2022-01-21,1.18,1.18,1.14,1.14,21951
GXH.NZ,2022-01-24,1.14,1.15,1.14,1.15,2981
GXH.NZ,2022-01-25,1.18,1.21,1.17,1.18,128260
GXH.NZ,2022-01-26,1.18,1.19,1.16,1.19,37881
GXH.NZ,2022-01-27,1.19,1.19,1.18,1.18,446883
GXH.NZ,2022-01-28,1.19,1.19,1.18,1.18,114245
GXH.NZ,2022-01-31,1.19,1.19,1.18,1.19,135574
GXH.NZ,2022-02-01,1.19,1.19,1.18,1.18,68191
GXH.NZ,2022-02-02,1.19,1.19,1.19,1.19,897
GXH.NZ,2022-02-03,1.19,1.2,1.18,1.19,19512
GXH.NZ,2022-02-04,1.19,1.19,1.18,1.19,193564
GXH.NZ,2022-02-08,1.19,1.19,1.18,1.19,200197
GXH.NZ,2022-02-09,1.19,1.19,1.18,1.19,184379
GXH.NZ,2022-02-10,1.19,1.2,1.19,1.2,21915
GXH.NZ,2022-02-11,1.2,1.2,1.19,1.19,46178
GXH.NZ,2022-02-14,1.18,1.19,1.18,1.18,138115
GXH.NZ,2022-02-15,1.18,1.2,1.18,1.2,931
GXH.NZ,2022-02-16,1.2,1.21,1.2,1.21,49053
GXH.NZ,2022-02-17,1.2,1.2,1.19,1.19,5698
GXH.NZ,2022-02-18,1.19,1.19,1.19,1.19,364
GXH.NZ,2022-02-21,1.19,1.21,1.19,1.21,1832
GXH.NZ,2022-02-22,1.21,1.21,1.21,1.21,55054
GXH.NZ,2022-02-23,1.21,1.24,1.21,1.23,15422
GXH.NZ,2022-02-24,1.23,1.24,1.21,1.24,44084
GXH.NZ,2022-02-25,1.23,1.23,1.23,1.23,1497
GXH.NZ,2022-02-28,1.23,1.23,1.2,1.2,171078
GXH.NZ,2022-03-01,1.21,1.21,1.21,1.21,80130
GXH.NZ,2022-03-02,1.23,1.24,1.21,1.23,15529
GXH.NZ,2022-03-03,1.21,1.24,1.21,1.23,33236
GXH.NZ,2022-03-04,1.21,1.21,1.21,1.21,2456
GXH.NZ,2022-03-07,1.21,1.23,1.21,1.23,56571
GXH.NZ,2022-03-08,1.21,1.22,1.21,1.22,113131
GXH.NZ,2022-03-09,1.22,1.23,1.21,1.21,4730
GXH.NZ,2022-03-10,1.22,1.22,1.21,1.21,20172
GXH.NZ,2022-03-11,1.23,1.23,1.21,1.23,1148
GXH.NZ,2022-03-14,1.23,1.24,1.21,1.22,3810
GXH.NZ,2022-03-15,1.22,1.29,1.22,1.29,28419
GXH.NZ,2022-03-16,1.29,1.32,1.29,1.32,379808
GXH.NZ,2022-03-17,1.35,1.35,1.32,1.35,75119
GXH.NZ,2022-03-18,1.33,1.33,1.32,1.33,28897
GXH.NZ,2022-03-21,1.33,1.33,1.29,1.29,6209
GXH.NZ,2022-03-22,1.31,1.31,1.29,1.3,36219
GXH.NZ,2022-03-23,1.3,1.3,1.3,1.3,2450
GXH.NZ,2022-03-24,1.3,1.3,1.3,1.3,2251
GXH.NZ,2022-03-25,1.3,1.3,1.3,1.3,8697
GXH.NZ,2022-03-28,1.28,1.3,1.28,1.3,643
GXH.NZ,2022-03-29,1.3,1.31,1.3,1.31,20363
GXH.NZ,2022-03-30,1.3,1.31,1.3,1.31,9458
GXH.NZ,2022-03-31,1.32,1.33,1.32,1.33,9150
GXH.NZ,2022-04-01,1.33,1.35,1.32,1.32,23129
GXH.NZ,2022-04-04,1.35,1.38,1.35,1.38,9311
GXH.NZ,2022-04-05,1.38,1.5,1.38,1.5,180412
GXH.NZ,2022-04-06,1.5,1.5,1.45,1.45,15854
GXH.NZ,2022-04-07,1.4,1.4,1.38,1.38,2246
GXH.NZ,2022-04-08,1.37,1.38,1.37,1.38,8133
GXH.NZ,2022-04-11,1.37,1.37,1.37,1.37,6203
GXH.NZ,2022-04-12,1.39,1.39,1.39,1.39,498
GXH.NZ,2022-04-13,1.41,1.41,1.4,1.4,14201
GXH.NZ,2022-04-14,1.4,1.41,1.4,1.4,2052
GXH.NZ,2022-04-19,1.4,1.4,1.37,1.37,6624
GXH.NZ,2022-04-20,1.34,1.42,1.34,1.42,36794
GXH.NZ,2022-04-21,1.41,1.42,1.41,1.42,2290
GXH.NZ,2022-04-22,1.4,1.4,1.38,1.39,69792
GXH.NZ,2022-04-26,1.39,1.39,1.37,1.38,14605
GXH.NZ,2022-04-27,1.37,1.37,1.37,1.37,40030
GXH.NZ,2022-04-28,1.37,1.39,1.35,1.35,22224
GXH.NZ,2022-04-29,1.35,1.37,1.31,1.31,23411
GXH.NZ,2022-05-02,1.32,1.32,1.31,1.32,12695
GXH.NZ,2022-05-03,1.32,1.32,1.32,1.32,1701
GXH.NZ,2022-05-04,1.34,1.34,1.34,1.34,228
GXH.NZ,2022-05-05,1.36,1.36,1.36,1.36,41848
GXH.NZ,2022-05-06,1.35,1.35,1.35,1.35,445
GXH.NZ,2022-05-09,1.35,1.35,1.33,1.33,19618
GXH.NZ,2022-05-10,1.33,1.33,1.3,1.31,23759
GXH.NZ,2022-05-11,1.31,1.31,1.3,1.31,9219
GXH.NZ,2022-05-12,1.3,1.31,1.3,1.31,22700
GXH.NZ,2022-05-13,1.31,1.31,1.28,1.28,25116
GXH.NZ,2022-05-16,1.28,1.28,1.27,1.28,1940
GXH.NZ,2022-05-17,1.3,1.3,1.3,1.3,21519
GXH.NZ,2022-05-18,1.3,1.3,1.28,1.28,4512
GXH.NZ,2022-05-19,1.27,1.27,1.27,1.27,190
GXH.NZ,2022-05-20,1.25,1.25,1.22,1.23,28974
GXH.NZ,2022-05-23,1.28,1.29,1.28,1.29,9180
GXH.NZ,2022-05-24,1.26,1.26,1.26,1.26,444
GXH.NZ,2022-05-25,1.27,1.3,1.27,1.3,8007
GXH.NZ,2022-05-26,1.33,1.35,1.33,1.35,31600
GXH.NZ,2022-05-27,1.37,1.39,1.33,1.33,25394
GXH.NZ,2022-05-30,1.31,1.31,1.3,1.3,18174
GXH.NZ,2022-05-31,1.3,1.33,1.3,1.33,4861
GXH.NZ,2022-06-01,1.35,1.35,1.34,1.35,2825
GXH.NZ,2022-06-02,1.38,1.38,1.37,1.38,13374
GXH.NZ,2022-06-03,1.37,1.38,1.37,1.37,8889
GXH.NZ,2022-06-07,1.34,1.34,1.34,1.34,2775
GXH.NZ,2022-06-08,1.32,1.35,1.32,1.32,15981
GXH.NZ,2022-06-09,1.3,1.3,1.3,1.3,362
GXH.NZ,2022-06-10,1.31,1.31,1.29,1.29,30814
GXH.NZ,2022-06-13,1.3,1.3,1.3,1.3,43508
GXH.NZ,2022-06-14,1.3,1.31,1.3,1.31,2619
GXH.NZ,2022-06-15,1.31,1.31,1.31,1.31,571
GXH.NZ,2022-06-16,1.31,1.31,1.28,1.28,2014
GXH.NZ,2022-06-17,1.29,1.33,1.28,1.28,47828
GXH.NZ,2022-06-20,1.3,1.31,1.3,1.31,5537
GXH.NZ,2022-06-21,1.33,1.33,1.33,1.33,5734
GXH.NZ,2022-06-22,1.32,1.32,1.31,1.31,507
GXH.NZ,2022-06-23,1.31,1.33,1.31,1.33,11494
GXH.NZ,2022-06-27,1.33,1.33,1.32,1.32,8072
GXH.NZ,2022-06-28,1.34,1.34,1.34,1.34,5194
GXH.NZ,2022-06-29,1.34,1.34,1.34,1.34,2167
GXH.NZ,2022-06-30,1.34,1.34,1.34,1.34,2790
GXH.NZ,2022-07-01,1.34,1.34,1.32,1.32,1430
GXH.NZ,2022-07-04,1.32,1.32,1.32,1.32,2800
GXH.NZ,2022-07-05,1.34,1.34,1.28,1.28,2987
GXH.NZ,2022-07-06,1.3,1.33,1.28,1.28,10556
GXH.NZ,2022-07-07,1.31,1.31,1.3,1.31,15168
GXH.NZ,2022-07-08,1.32,1.34,1.32,1.34,110033
GXH.NZ,2022-07-11,1.33,1.34,1.33,1.33,13447
GXH.NZ,2022-07-12,1.34,1.34,1.33,1.33,30596
GXH.NZ,2022-07-13,1.31,1.31,1.31,1.31,1462
GXH.NZ,2022-07-14,1.29,1.29,1.29,1.29,270
GXH.NZ,2022-07-15,1.29,1.29,1.29,1.29,0
GXH.NZ,2022-07-18,1.3,1.31,1.3,1.31,3025
GXH.NZ,2022-07-19,1.33,1.33,1.33,1.33,1123
GXH.NZ,2022-07-20,1.33,1.37,1.33,1.37,120467
GXH.NZ,2022-07-21,1.37,1.39,1.35,1.38,35919
GXH.NZ,2022-07-22,1.4,1.4,1.38,1.38,25565
GXH.NZ,2022-07-25,1.4,1.4,1.4,1.4,10624
GXH.NZ,2022-07-26,1.4,1.42,1.4,1.42,51098
GXH.NZ,2022-07-27,1.42,1.42,1.42,1.42,389
GXH.NZ,2022-07-28,1.42,1.42,1.39,1.39,5872
GXH.NZ,2022-07-29,1.39,1.39,1.37,1.37,3297
GXH.NZ,2022-08-01,1.37,1.41,1.37,1.41,6137
GXH.NZ,2022-08-02,1.41,1.41,1.36,1.36,1721
GXH.NZ,2022-08-03,1.36,1.37,1.36,1.37,482
GXH.NZ,2022-08-04,1.38,1.38,1.36,1.38,9072
GXH.NZ,2022-08-05,1.37,1.37,1.36,1.36,4437
GXH.NZ,2022-08-08,1.36,1.36,1.36,1.36,3853
GXH.NZ,2022-08-09,1.34,1.36,1.32,1.36,18839
GXH.NZ,2022-08-10,1.37,1.38,1.36,1.36,7609
GXH.NZ,2022-08-11,1.36,1.4,1.36,1.4,2221
GXH.NZ,2022-08-12,1.38,1.38,1.38,1.38,345
GXH.NZ,2022-08-15,1.38,1.38,1.36,1.37,3234
GXH.NZ,2022-08-16,1.38,1.4,1.36,1.4,34846
GXH.NZ,2022-08-17,1.4,1.4,1.38,1.38,3239
GXH.NZ,2022-08-18,1.4,1.4,1.37,1.37,5643
GXH.NZ,2022-08-19,1.38,1.38,1.37,1.37,20732
GXH.NZ,2022-08-22,1.38,1.38,1.38,1.38,5035
GXH.NZ,2022-08-23,1.38,1.38,1.36,1.36,24608
GXH.NZ,2022-08-24,1.37,1.38,1.36,1.38,9381
GXH.NZ,2022-08-25,1.4,1.4,1.38,1.38,19361
GXH.NZ,2022-08-26,1.38,1.4,1.38,1.39,17545
GXH.NZ,2022-08-29,1.37,1.38,1.37,1.37,10006
GXH.NZ,2022-08-30,1.38,1.39,1.36,1.39,101001
GXH.NZ,2022-08-31,1.38,1.4,1.36,1.36,10821
GXH.NZ,2022-09-01,1.36,1.36,1.36,1.36,7190
GXH.NZ,2022-09-02,1.38,1.38,1.38,1.38,242
GXH.NZ,2022-09-05,1.39,1.39,1.39,1.39,4213
GXH.NZ,2022-09-06,1.39,1.39,1.39,1.39,1789
GXH.NZ,2022-09-07,1.39,1.39,1.37,1.37,1971
GXH.NZ,2022-09-08,1.37,1.37,1.34,1.34,538
GXH.NZ,2022-09-09,1.32,1.35,1.31,1.35,2646
GXH.NZ,2022-09-12,1.36,1.37,1.35,1.35,2906
GXH.NZ,2022-09-13,1.36,1.36,1.35,1.35,3350
GXH.NZ,2022-09-14,1.34,1.34,1.32,1.32,4820
GXH.NZ,2022-09-15,1.34,1.35,1.34,1.34,2203
GXH.NZ,2022-09-16,1.35,1.35,1.35,1.35,649
GXH.NZ,2022-09-19,1.35,1.35,1.35,1.35,826
GXH.NZ,2022-09-20,1.34,1.34,1.33,1.33,4500
GXH.NZ,2022-09-21,1.33,1.34,1.32,1.32,24823
GXH.NZ,2022-09-22,1.34,1.34,1.33,1.33,2679
GXH.NZ,2022-09-23,1.33,1.35,1.33,1.35,12988
GXH.NZ,2022-09-26,1.35,1.35,1.35,1.35,0
GXH.NZ,2022-09-27,1.36,1.37,1.36,1.36,2271
GXH.NZ,2022-09-28,1.38,1.38,1.37,1.37,96910
GXH.NZ,2022-09-29,1.36,1.37,1.36,1.37,1147
GXH.NZ,2022-09-30,1.36,1.36,1.35,1.35,7775
GXH.NZ,2022-10-03,1.36,1.36,1.35,1.36,4541
GXH.NZ,2022-10-04,1.36,1.36,1.36,1.36,737
GXH.NZ,2022-10-05,1.34,1.36,1.32,1.32,8676
GXH.NZ,2022-10-06,1.32,1.32,1.32,1.32,5563
GXH.NZ,2022-10-07,1.33,1.34,1.33,1.34,451
GXH.NZ,2022-10-10,1.34,1.34,1.31,1.32,4424
GXH.NZ,2022-10-11,1.34,1.34,1.34,1.34,1482
GXH.NZ,2022-10-12,1.36,1.37,1.36,1.36,14716
GXH.NZ,2022-10-13,1.36,1.36,1.34,1.34,764
GXH.NZ,2022-10-14,1.32,1.33,1.32,1.32,1648
GXH.NZ,2022-10-17,1.32,1.32,1.3,1.3,22066
GXH.NZ,2022-10-18,1.3,1.3,1.3,1.3,2679
GXH.NZ,2022-10-19,1.3,1.3,1.27,1.28,11745
GXH.NZ,2022-10-20,1.27,1.27,1.22,1.22,88470
GXH.NZ,2022-10-21,1.23,1.24,1.19,1.19,42258
GXH.NZ,2022-10-25,1.19,1.22,1.19,1.2,5518
GXH.NZ,2022-10-26,1.18,1.21,1.16,1.21,11423
GXH.NZ,2022-10-27,1.22,1.25,1.22,1.25,6765
GXH.NZ,2022-10-28,1.26,1.26,1.22,1.22,10120
GXH.NZ,2022-10-31,1.25,1.25,1.25,1.25,2771
GXH.NZ,2022-11-01,1.28,1.28,1.26,1.26,2740
GXH.NZ,2022-11-02,1.27,1.28,1.27,1.28,6905
GXH.NZ,2022-11-03,1.29,1.31,1.29,1.3,3071
GXH.NZ,2022-11-04,1.25,1.25,1.21,1.21,6941
GXH.NZ,2022-11-07,1.22,1.23,1.22,1.23,3458
GXH.NZ,2022-11-08,1.25,1.25,1.25,1.25,491
GXH.NZ,2022-11-09,1.25,1.3,1.25,1.25,8329
GXH.NZ,2022-11-10,1.25,1.25,1.25,1.25,148
GXH.NZ,2022-11-11,1.25,1.25,1.25,1.25,8917
GXH.NZ,2022-11-14,1.25,1.25,1.23,1.25,5207
GXH.NZ,2022-11-15,1.23,1.23,1.23,1.23,2267
GXH.NZ,2022-11-16,1.21,1.23,1.21,1.23,14445
GXH.NZ,2022-11-17,1.22,1.22,1.2,1.2,68908
GXH.NZ,2022-11-18,1.2,1.24,1.2,1.2,16579
GXH.NZ,2022-11-21,1.2,1.2,1.19,1.2,25881
GXH.NZ,2022-11-22,1.24,1.24,1.24,1.24,416
GXH.NZ,2022-11-23,1.24,1.24,1.24,1.24,729
GXH.NZ,2022-11-24,1.24,1.24,1.2,1.2,6143
GXH.NZ,2022-11-25,1.21,1.24,1.21,1.24,1199
GXH.NZ,2022-11-28,1.24,1.33,1.24,1.3,49935
GXH.NZ,2022-11-29,1.33,1.33,1.3,1.3,32935
GXH.NZ,2022-11-30,1.32,1.32,1.3,1.32,36087
GXH.NZ,2022-12-01,1.32,1.32,1.31,1.31,11658
GXH.NZ,2022-12-02,1.32,1.32,1.31,1.31,734
GXH.NZ,2022-12-05,1.33,1.33,1.31,1.31,3690
GXH.NZ,2022-12-06,1.31,1.31,1.31,1.31,16912
GXH.NZ,2022-12-07,1.32,1.32,1.31,1.32,2834
GXH.NZ,2022-12-08,1.32,1.32,1.32,1.32,4183
GXH.NZ,2022-12-09,1.32,1.32,1.3,1.32,47486
GXH.NZ,2022-12-12,1.31,1.32,1.31,1.32,16837
GXH.NZ,2022-12-13,1.31,1.31,1.31,1.31,739
GXH.NZ,2022-12-14,1.31,1.31,1.31,1.31,952
GXH.NZ,2022-12-15,1.31,1.32,1.31,1.31,8120
GXH.NZ,2022-12-16,1.31,1.32,1.31,1.32,21795
GXH.NZ,2022-12-19,1.35,1.35,1.33,1.35,4187
GXH.NZ,2022-12-20,1.38,1.39,1.38,1.39,4295
GXH.NZ,2022-12-21,1.39,1.39,1.39,1.39,526
GXH.NZ,2022-12-22,1.36,1.36,1.33,1.33,18607
GXH.NZ,2022-12-23,1.34,1.34,1.34,1.34,7702
GXH.NZ,2022-12-28,1.35,1.39,1.35,1.39,4181
GXH.NZ,2022-12-29,1.39,1.39,1.36,1.36,537
GXH.NZ,2022-12-30,1.36,1.39,1.36,1.39,601
GXH.NZ,2023-01-04,1.39,1.39,1.36,1.36,5873
GXH.NZ,2023-01-05,1.38,1.38,1.38,1.38,2456
GXH.NZ,2023-01-06,1.38,1.38,1.38,1.38,1117
GXH.NZ,2023-01-09,1.38,1.39,1.35,1.35,29627
GXH.NZ,2023-01-10,1.38,1.38,1.35,1.38,4465
GXH.NZ,2023-01-11,1.38,1.38,1.34,1.34,4949
GXH.NZ,2023-01-12,1.37,1.37,1.34,1.34,8741
GXH.NZ,2023-01-13,1.34,1.34,1.33,1.33,12271
GXH.NZ,2023-01-16,1.33,1.35,1.33,1.33,8759
GXH.NZ,2023-01-17,1.35,1.35,1.33,1.33,2661
GXH.NZ,2023-01-18,1.33,1.35,1.33,1.35,20437
GXH.NZ,2023-01-19,1.31,1.31,1.31,1.31,13199
GXH.NZ,2023-01-20,1.31,1.31,1.31,1.31,0
GXH.NZ,2023-01-23,1.31,1.31,1.31,1.31,0
GXH.NZ,2023-01-24,1.33,1.34,1.33,1.34,1138
GXH.NZ,2023-01-25,1.33,1.34,1.33,1.34,438
GXH.NZ,2023-01-26,1.37,1.39,1.37,1.39,12008
GXH.NZ,2023-01-27,1.38,1.39,1.38,1.39,22929
GXH.NZ,2023-01-30,1.39,1.39,1.39,1.39,937
GXH.NZ,2023-01-31,1.4,1.4,1.4,1.4,8675
GXH.NZ,2023-02-01,1.39,1.39,1.39,1.39,350
GXH.NZ,2023-02-02,1.38,1.38,1.31,1.31,7963
GXH.NZ,2023-02-03,1.33,1.33,1.31,1.31,12882
GXH.NZ,2023-02-07,1.33,1.37,1.33,1.35,4685
GXH.NZ,2023-02-08,1.36,1.37,1.36,1.36,31687
GXH.NZ,2023-02-09,1.36,1.36,1.31,1.33,14307
GXH.NZ,2023-02-10,1.33,1.33,1.31,1.31,17899
GXH.NZ,2023-02-13,1.31,1.31,1.31,1.31,2073
GXH.NZ,2023-02-14,1.31,1.31,1.31,1.31,0
GXH.NZ,2023-02-15,1.36,1.36,1.36,1.36,37798
GXH.NZ,2023-02-16,1.35,1.36,1.31,1.36,13757
GXH.NZ,2023-02-17,1.36,1.37,1.36,1.37,10445
GXH.NZ,2023-02-20,1.37,1.37,1.31,1.31,25496
GXH.NZ,2023-02-21,1.35,1.35,1.35,1.35,949
GXH.NZ,2023-02-22,1.34,1.36,1.33,1.36,8740
GXH.NZ,2023-02-23,1.36,1.38,1.35,1.38,12179
GXH.NZ,2023-02-24,1.4,1.43,1.4,1.43,2604
GXH.NZ,2023-02-27,1.42,1.42,1.35,1.35,20879
GXH.NZ,2023-02-28,1.35,1.35,1.35,1.35,1970
GXH.NZ,2023-03-01,1.35,1.35,1.35,1.35,0
GXH.NZ,2023-03-02,1.35,1.36,1.35,1.36,4455
GXH.NZ,2023-03-03,1.37,1.37,1.37,1.37,69427
GXH.NZ,2023-03-06,1.37,1.37,1.35,1.35,23255
GXH.NZ,2023-03-07,1.36,1.37,1.36,1.37,770830
GXH.NZ,2023-03-08,1.37,1.37,1.35,1.35,16132
GXH.NZ,2023-03-09,1.37,1.37,1.35,1.35,4961
GXH.NZ,2023-03-10,1.36,1.36,1.35,1.35,10456
GXH.NZ,2023-03-13,1.37,1.37,1.36,1.37,71975
GXH.NZ,2023-03-14,1.38,1.4,1.38,1.39,8839
GXH.NZ,2023-03-15,1.38,1.4,1.38,1.4,26606
GXH.NZ,2023-03-16,1.39,1.39,1.38,1.39,68940
GXH.NZ,2023-03-17,1.38,1.39,1.38,1.39,29050
GXH.NZ,2023-03-20,1.39,1.4,1.39,1.4,11299
GXH.NZ,2023-03-21,1.4,1.4,1.37,1.37,10908
GXH.NZ,2023-03-22,1.37,1.4,1.37,1.4,570
GXH.NZ,2023-03-23,1.4,1.4,1.4,1.4,312
GXH.NZ,2023-03-24,1.39,1.39,1.37,1.37,7697
GXH.NZ,2023-03-27,1.35,1.35,1.35,1.35,5425
GXH.NZ,2023-03-28,1.35,1.35,1.35,1.35,0
GXH.NZ,2023-03-29,1.38,1.38,1.38,1.38,664
GXH.NZ,2023-03-30,1.38,1.38,1.38,1.38,1044
GXH.NZ,2023-03-31,1.37,1.37,1.35,1.35,5273
GXH.NZ,2023-04-03,1.36,1.36,1.36,1.36,401
GXH.NZ,2023-04-04,1.38,1.69,1.38,1.63,174671
GXH.NZ,2023-04-05,1.63,1.65,1.63,1.65,32554
GXH.NZ,2023-04-06,1.64,1.69,1.64,1.68,18450
GXH.NZ,2023-04-11,1.7,1.75,1.69,1.69,62325
GXH.NZ,2023-04-12,1.71,1.71,1.65,1.65,27938
GXH.NZ,2023-04-13,1.4,1.4,1.4,1.4,78339
GXH.NZ,2023-04-14,1.4,1.4,1.35,1.35,31686
GXH.NZ,2023-04-17,1.35,1.4,1.35,1.4,10933
GXH.NZ,2023-04-18,1.4,1.4,1.34,1.34,7435
GXH.NZ,2023-04-19,1.35,1.36,1.3,1.3,52557
GXH.NZ,2023-04-20,1.32,1.35,1.32,1.35,36570
GXH.NZ,2023-04-21,1.35,1.36,1.35,1.36,114859
GXH.NZ,2023-04-24,1.36,1.36,1.36,1.36,243
GXH.NZ,2023-04-26,1.36,1.36,1.36,1.36,52506
GXH.NZ,2023-04-27,1.36,1.36,1.35,1.35,2952
GXH.NZ,2023-04-28,1.34,1.34,1.33,1.33,22843
GXH.NZ,2023-05-01,1.33,1.35,1.32,1.33,132191
GXH.NZ,2023-05-02,1.33,1.34,1.33,1.33,37146
GXH.NZ,2023-05-03,1.33,1.33,1.33,1.33,4514
GXH.NZ,2023-05-04,1.33,1.33,1.31,1.33,6717
GXH.NZ,2023-05-05,1.31,1.31,1.31,1.31,1338
GXH.NZ,2023-05-08,1.33,1.33,1.33,1.33,9308
GXH.NZ,2023-05-09,1.33,1.33,1.31,1.31,12358
GXH.NZ,2023-05-10,1.33,1.33,1.33,1.33,5121
GXH.NZ,2023-05-11,1.33,1.33,1.33,1.33,6799
GXH.NZ,2023-05-12,1.33,1.33,1.3,1.33,16309
GXH.NZ,2023-05-15,1.33,1.33,1.33,1.33,9235
GXH.NZ,2023-05-16,1.33,1.33,1.3,1.31,7239
GXH.NZ,2023-05-17,1.31,1.31,1.3,1.3,4323
GXH.NZ,2023-05-18,1.3,1.31,1.3,1.31,47220
GXH.NZ,2023-05-19,1.33,1.33,1.29,1.31,23974
GXH.NZ,2023-05-22,1.31,1.31,1.31,1.31,8352
GXH.NZ,2023-05-23,1.33,1.33,1.33,1.33,747
GXH.NZ,2023-05-24,1.37,1.4,1.37,1.4,4735
GXH.NZ,2023-05-25,1.43,1.44,1.41,1.41,16589
GXH.NZ,2023-05-26,1.43,1.43,1.43,1.43,1798
GXH.NZ,2023-05-29,1.43,1.44,1.43,1.44,59527
GXH.NZ,2023-05-30,1.46,1.46,1.45,1.45,8601
GXH.NZ,2023-05-31,1.46,1.46,1.46,1.46,5009
GXH.NZ,2023-06-01,1.46,1.46,1.43,1.44,7357
GXH.NZ,2023-06-02,1.44,1.44,1.38,1.4,8637
GXH.NZ,2023-06-06,1.44,1.44,1.43,1.44,8572
GXH.NZ,2023-06-07,1.44,1.45,1.43,1.45,5577
GXH.NZ,2023-06-08,1.42,1.44,1.4,1.44,514535
GXH.NZ,2023-06-09,1.44,1.44,1.4,1.4,6264
GXH.NZ,2023-06-12,1.44,1.44,1.44,1.44,3230
GXH.NZ,2023-06-13,1.43,1.43,1.41,1.42,2953
GXH.NZ,2023-06-14,1.42,1.42,1.42,1.42,2168
GXH.NZ,2023-06-15,1.41,1.41,1.35,1.35,6751
GXH.NZ,2023-06-16,1.35,1.35,1.31,1.33,21588
GXH.NZ,2023-06-19,1.32,1.32,1.29,1.3,43470
GXH.NZ,2023-06-20,1.32,1.32,1.31,1.31,19756
GXH.NZ,2023-06-21,1.37,1.37,1.37,1.37,8
GXH.NZ,2023-06-22,1.37,1.37,1.36,1.37,6721
GXH.NZ,2023-06-23,1.37,1.42,1.37,1.4,5938
GXH.NZ,2023-06-26,1.4,1.4,1.34,1.34,5943
GXH.NZ,2023-06-27,1.33,1.33,1.3,1.31,15250
GXH.NZ,2023-06-28,1.31,1.32,1.31,1.32,24038
GXH.NZ,2023-06-29,1.32,1.35,1.32,1.32,17788
GXH.NZ,2023-06-30,1.32,1.32,1.31,1.31,5959
GXH.NZ,2023-07-03,1.32,1.38,1.32,1.35,13612
GXH.NZ,2023-07-04,1.36,1.38,1.36,1.38,1114
GXH.NZ,2023-07-05,1.38,1.38,1.38,1.38,5929
GXH.NZ,2023-07-06,1.38,1.38,1.36,1.38,10529
GXH.NZ,2023-07-07,1.38,1.38,1.38,1.38,1892
GXH.NZ,2023-07-10,1.38,1.38,1.38,1.38,18239
GXH.NZ,2023-07-11,1.37,1.37,1.36,1.36,14122
GXH.NZ,2023-07-12,1.38,1.38,1.36,1.36,2927
GXH.NZ,2023-07-13,1.36,1.38,1.36,1.38,758
GXH.NZ,2023-07-17,1.38,1.38,1.38,1.38,5755
GXH.NZ,2023-07-18,1.38,1.38,1.34,1.34,4613
GXH.NZ,2023-07-19,1.34,1.34,1.34,1.34,2146
GXH.NZ,2023-07-20,1.34,1.34,1.34,1.34,4722
GXH.NZ,2023-07-21,1.34,1.34,1.32,1.33,36177
GXH.NZ,2023-07-24,1.33,1.33,1.32,1.32,16744
GXH.NZ,2023-07-25,1.33,1.33,1.32,1.33,10142
GXH.NZ,2023-07-26,1.33,1.33,1.33,1.33,953
GXH.NZ,2023-07-27,1.33,1.33,1.32,1.33,8413
GXH.NZ,2023-07-28,1.33,1.33,1.33,1.33,7281
GXH.NZ,2023-07-31,1.32,1.33,1.32,1.33,6103
GXH.NZ,2023-08-01,1.35,1.35,1.35,1.35,6792
GXH.NZ,2023-08-02,1.35,1.35,1.34,1.34,6496
GXH.NZ,2023-08-03,1.35,1.35,1.34,1.34,7180
GXH.NZ,2023-08-04,1.35,1.35,1.35,1.35,12833
GXH.NZ,2023-08-07,1.35,1.35,1.3,1.35,69265
GXH.NZ,2023-08-08,1.36,1.36,1.33,1.33,10287
GXH.NZ,2023-08-09,1.3,1.34,1.3,1.31,3761
GXH.NZ,2023-08-10,1.31,1.32,1.31,1.32,6147
GXH.NZ,2023-08-11,1.32,1.32,1.31,1.31,30602
GXH.NZ,2023-08-14,1.34,1.34,1.34,1.34,9178
GXH.NZ,2023-08-15,1.35,1.35,1.35,1.35,2290
GXH.NZ,2023-08-16,1.35,1.35,1.35,1.35,1349
GXH.NZ,2023-08-17,1.34,1.34,1.3,1.3,25150
GXH.NZ,2023-08-18,1.31,1.31,1.3,1.3,20054
GXH.NZ,2023-08-21,1.3,1.3,1.29,1.29,6742
GXH.NZ,2023-08-22,1.3,1.3,1.29,1.29,17020
GXH.NZ,2023-08-23,1.29,1.29,1.29,1.29,3814
GXH.NZ,2023-08-24,1.28,1.3,1.28,1.3,22999
GXH.NZ,2023-08-25,1.3,1.3,1.28,1.3,14545
GXH.NZ,2023-08-28,1.3,1.3,1.28,1.3,6160
GXH.NZ,2023-08-29,1.3,1.3,1.3,1.3,2339
GXH.NZ,2023-08-30,1.3,1.3,1.3,1.3,3167
GXH.NZ,2023-08-31,1.3,1.3,1.3,1.3,2525
GXH.NZ,2023-09-01,1.29,1.3,1.29,1.3,1519
GXH.NZ,2023-09-04,1.29,1.3,1.29,1.29,2896
GXH.NZ,2023-09-05,1.3,1.3,1.29,1.29,3226
GXH.NZ,2023-09-06,1.3,1.3,1.3,1.3,4958
GXH.NZ,2023-09-07,1.29,1.3,1.29,1.3,4402
GXH.NZ,2023-09-08,1.3,1.3,1.3,1.3,808
GXH.NZ,2023-09-11,1.29,1.3,1.29,1.3,8689
GXH.NZ,2023-09-12,1.3,1.3,1.29,1.3,1966
GXH.NZ,2023-09-13,1.29,1.3,1.29,1.3,11175
GXH.NZ,2023-09-14,1.3,1.3,1.29,1.3,995
GXH.NZ,2023-09-15,1.3,1.3,1.26,1.26,51639
GXH.NZ,2023-09-18,1.27,1.3,1.27,1.29,9870
GXH.NZ,2023-09-19,1.29,1.29,1.29,1.29,21841
GXH.NZ,2023-09-20,1.27,1.27,1.26,1.27,2328
GXH.NZ,2023-09-21,1.28,1.28,1.26,1.26,8966
GXH.NZ,2023-09-22,1.24,1.24,1.24,1.24,815
GXH.NZ,2023-09-25,1.24,1.24,1.24,1.24,16295
GXH.NZ,2023-09-26,1.25,1.27,1.25,1.27,2595
GXH.NZ,2023-09-27,1.27,1.27,1.23,1.23,17649
GXH.NZ,2023-09-28,1.24,1.24,1.24,1.24,2656
GXH.NZ,2023-09-29,1.24,1.24,1.23,1.23,36298
GXH.NZ,2023-10-02,1.22,1.24,1.22,1.23,5136
GXH.NZ,2023-10-03,1.21,1.23,1.21,1.21,14204
GXH.NZ,2023-10-04,1.21,1.21,1.21,1.21,963
GXH.NZ,2023-10-05,1.23,1.24,1.23,1.23,8559
GXH.NZ,2023-10-06,1.23,1.24,1.23,1.24,1694
GXH.NZ,2023-10-08,1.22,1.22,1.21,1.22,2132
GXH.NZ,2023-10-09,1.22,1.22,1.21,1.22,2164
GXH.NZ,2023-10-10,1.24,1.24,1.22,1.24,42314
GXH.NZ,2023-10-11,1.24,1.24,1.22,1.22,3359
GXH.NZ,2023-10-12,1.2,1.2,1.2,1.2,6724
GXH.NZ,2023-10-13,1.21,1.24,1.21,1.23,10191
GXH.NZ,2023-10-16,1.24,1.24,1.24,1.24,6742
GXH.NZ,2023-10-17,1.24,1.24,1.23,1.24,14142
GXH.NZ,2023-10-18,1.24,1.24,1.24,1.24,13696
GXH.NZ,2023-10-19,1.24,1.24,1.23,1.24,4722
GXH.NZ,2023-10-20,1.23,1.24,1.23,1.24,28093
GXH.NZ,2023-10-24,1.24,1.24,1.23,1.24,4178
GXH.NZ,2023-10-25,1.24,1.24,1.23,1.24,10270
GXH.NZ,2023-10-26,1.24,1.24,1.23,1.24,30028
GXH.NZ,2023-10-27,1.24,1.24,1.23,1.23,1805
GXH.NZ,2023-10-30,1.23,1.23,1.22,1.22,21181
GXH.NZ,2023-10-31,1.23,1.23,1.22,1.22,2614
GXH.NZ,2023-11-01,1.22,1.22,1.21,1.22,4677
GXH.NZ,2023-11-02,1.22,1.22,1.22,1.22,7555
GXH.NZ,2023-11-03,1.22,1.22,1.2,1.21,25698
GXH.NZ,2023-11-06,1.21,1.21,1.17,1.17,58866
GXH.NZ,2023-11-07,1.17,1.17,1.16,1.17,2541
GXH.NZ,2023-11-08,1.17,1.17,1.17,1.17,3389
GXH.NZ,2023-11-09,1.17,1.17,1.16,1.16,1893
GXH.NZ,2023-11-10,1.17,1.2,1.17,1.2,4355
GXH.NZ,2023-11-12,1.21,1.21,1.2,1.21,1882
GXH.NZ,2023-11-13,1.21,1.21,1.2,1.21,1882
GXH.NZ,2023-11-14,1.21,1.21,1.2,1.2,28175
GXH.NZ,2023-11-15,1.2,1.21,1.19,1.21,9716
GXH.NZ,2023-11-16,1.21,1.22,1.17,1.18,93524
GXH.NZ,2023-11-17,1.18,1.19,1.18,1.19,2101
GXH.NZ,2023-11-20,1.19,1.21,1.18,1.18,36125
GXH.NZ,2023-11-21,1.17,1.2,1.17,1.2,3108
GXH.NZ,2023-11-22,1.19,1.2,1.17,1.17,3702
GXH.NZ,2023-11-23,1.19,1.19,1.17,1.17,2073
GXH.NZ,2023-11-24,1.19,1.21,1.19,1.19,20208
GXH.NZ,2023-11-27,1.2,1.2,1.19,1.19,1456
GXH.NZ,2023-11-28,1.2,1.2,1.19,1.19,4946
GXH.NZ,2023-11-29,1.18,1.18,1.15,1.15,8094
GXH.NZ,2023-11-30,1.13,1.14,1.1,1.1,5720
GXH.NZ,2023-12-01,1.11,1.11,1.1,1.11,1969
GXH.NZ,2023-12-04,1.12,1.12,1.08,1.08,6794
GXH.NZ,2023-12-05,1.07,1.07,0.98,0.98,38735
GXH.NZ,2023-12-06,1,1.01,0.99,1.01,46163
GXH.NZ,2023-12-07,1.02,1.02,0.99,0.99,6714
GXH.NZ,2023-12-08,1,1.01,1,1,34292
GXH.NZ,2023-12-11,1,1,0.99,1,6341
GXH.NZ,2023-12-12,0.99,1,0.98,1,42190
GXH.NZ,2023-12-13,1.01,1.04,1,1.01,25128
GXH.NZ,2023-12-14,1,1.01,1,1.01,3984
GXH.NZ,2023-12-15,1.02,1.02,1,1,4542
GXH.NZ,2023-12-18,1.02,1.03,1.01,1.02,6327
GXH.NZ,2023-12-19,1.03,1.04,1,1.04,20248
GXH.NZ,2023-12-20,1.04,1.08,1.02,1.08,10114
GXH.NZ,2023-12-21,1.1,1.14,1.1,1.14,32060
GXH.NZ,2023-12-22,1.12,1.15,1.11,1.11,18568
GXH.NZ,2023-12-27,1.11,1.12,1.11,1.12,2141
GXH.NZ,2023-12-28,1.13,1.13,1.1,1.1,18910
GXH.NZ,2023-12-29,1.1,1.1,1.09,1.09,1391
GXH.NZ,2024-01-03,1.1,1.13,1.1,1.13,12254
GXH.NZ,2024-01-04,1.14,1.15,1.12,1.12,17197
GXH.NZ,2024-01-05,1.14,1.15,1.1,1.1,12769
GXH.NZ,2024-01-08,1.12,1.13,1.12,1.12,13713
GXH.NZ,2024-01-09,1.1,1.13,1.1,1.13,17123
GXH.NZ,2024-01-10,1.12,1.12,1.11,1.12,11106
GXH.NZ,2024-01-11,1.11,1.12,1.1,1.12,6262
GXH.NZ,2024-01-12,1.1,1.12,1.1,1.12,3621
GXH.NZ,2024-01-15,1.12,1.12,1.11,1.12,2828
GXH.NZ,2024-01-16,1.1,1.12,1.1,1.12,3332
GXH.NZ,2024-01-17,1.1,1.11,1.09,1.1,8015
GXH.NZ,2024-01-18,1.1,1.1,1.09,1.1,3871
GXH.NZ,2024-01-19,1.1,1.1,1.09,1.09,16114
GXH.NZ,2024-01-22,1.11,1.11,1.1,1.1,2663
GXH.NZ,2024-01-23,1.08,1.11,1.08,1.11,3045
GXH.NZ,2024-01-24,1.11,1.13,1.11,1.13,25801
GXH.NZ,2024-01-25,1.14,1.14,1.13,1.13,6244
GXH.NZ,2024-01-26,1.15,1.16,1.15,1.16,21652
GXH.NZ,2024-01-29,1.16,1.24,1.16,1.22,40358
GXH.NZ,2024-01-30,1.23,1.23,1.21,1.23,4507
GXH.NZ,2024-01-31,1.21,1.21,1.2,1.2,2685
GXH.NZ,2024-02-01,1.21,1.21,1.21,1.21,934
GXH.NZ,2024-02-02,1.23,1.29,1.23,1.29,34493
GXH.NZ,2024-02-05,1.3,1.3,1.29,1.29,7697
GXH.NZ,2024-02-07,1.27,1.27,1.2,1.2,3553
GXH.NZ,2024-02-08,1.18,1.18,1.17,1.18,3660
GXH.NZ,2024-02-09,1.21,1.23,1.21,1.23,9972
GXH.NZ,2024-02-12,1.26,1.26,1.26,1.26,4802
GXH.NZ,2024-02-13,1.22,1.25,1.22,1.25,3747
GXH.NZ,2024-02-14,1.29,1.29,1.26,1.26,25632
GXH.NZ,2024-02-15,1.25,1.27,1.22,1.27,6208
GXH.NZ,2024-02-16,1.28,1.28,1.24,1.24,17197
GXH.NZ,2024-02-19,1.24,1.24,1.19,1.19,8142
GXH.NZ,2024-02-20,1.22,1.22,1.19,1.19,2030
GXH.NZ,2024-02-21,1.22,1.22,1.17,1.17,3194
GXH.NZ,2024-02-22,1.17,1.17,1.15,1.15,8654
GXH.NZ,2024-02-23,1.13,1.13,1.1,1.1,10938
GXH.NZ,2024-02-26,1.09,1.09,1.02,1.02,33465
GXH.NZ,2024-02-27,1.01,1.05,1.01,1.05,50968
GXH.NZ,2024-02-28,1.06,1.11,1.06,1.11,5154
GXH.NZ,2024-02-29,1.1,1.1,1.09,1.1,2817
GXH.NZ,2024-03-01,1.09,1.12,1.09,1.12,20329
GXH.NZ,2024-03-04,1.14,1.14,1.13,1.14,22996
GXH.NZ,2024-03-05,1.14,1.14,1.08,1.09,4969
GXH.NZ,2024-03-06,1.09,1.1,1.09,1.1,814
GXH.NZ,2024-03-07,1.1,1.12,1.1,1.12,2311
GXH.NZ,2024-03-08,1.12,1.13,1.1,1.1,7452
GXH.NZ,2024-03-11,1.09,1.09,1.08,1.08,3138
GXH.NZ,2024-03-12,1.09,1.1,1.08,1.1,2496
GXH.NZ,2024-03-13,1.1,1.1,1.09,1.1,3647
GXH.NZ,2024-03-14,1.08,1.1,1.05,1.05,17213
GXH.NZ,2024-03-15,1.05,1.06,1.05,1.05,5330
GXH.NZ,2024-03-18,1.06,1.08,1.06,1.08,6114
GXH.NZ,2024-03-19,1.06,1.08,1.06,1.06,3185
GXH.NZ,2024-03-20,1.08,1.08,1.06,1.08,2205
GXH.NZ,2024-03-21,1.08,1.08,1.04,1.04,32145
GXH.NZ,2024-03-22,1.01,1.07,1.01,1.07,16942
GXH.NZ,2024-03-25,1.07,1.08,1.04,1.04,16506
GXH.NZ,2024-03-26,1.04,1.04,1.02,1.04,6556
GXH.NZ,2024-03-27,1.04,1.04,1.02,1.02,4116
GXH.NZ,2024-03-28,1.02,1.03,1.01,1.02,16905
GXH.NZ,2024-04-02,1.04,1.04,1.01,1.01,36581
GXH.NZ,2024-04-03,1,1.02,1,1,18102
GXH.NZ,2024-04-04,1.02,1.02,1.02,1.02,3985
GXH.NZ,2024-04-05,1.03,1.03,1.02,1.02,3942
GXH.NZ,2024-04-08,1.03,1.04,1.03,1.04,13042
GXH.NZ,2024-04-09,1.04,1.04,1.02,1.02,5491
GXH.NZ,2024-04-10,1.02,1.02,1.02,1.02,6207
GXH.NZ,2024-04-11,1.02,1.03,1.02,1.03,2709
GXH.NZ,2024-04-12,1.03,1.03,1.02,1.02,10734
GXH.NZ,2024-04-15,1,1.01,1,1,29743
GXH.NZ,2024-04-16,1.03,1.03,1.01,1.03,8915
GXH.NZ,2024-04-17,1.04,1.04,1.04,1.04,3364
GXH.NZ,2024-04-18,1.02,1.04,1.02,1.04,5728
GXH.NZ,2024-04-19,1.01,1.02,1.01,1.02,3217
GXH.NZ,2024-04-22,1.02,1.02,1,1.01,47162
GXH.NZ,2024-04-23,1,1,0.99,0.99,44067
GXH.NZ,2024-04-24,0.99,0.99,0.98,0.98,12447
GXH.NZ,2024-04-26,1,1,1,1,5308
GXH.NZ,2024-04-29,0.99,1,0.99,1,5757
GXH.NZ,2024-04-30,1.01,1.01,1.01,1.01,2905
GXH.NZ,2024-05-01,1,1,1,1,4521
GXH.NZ,2024-05-02,0.99,0.99,0.99,0.99,8274
GXH.NZ,2024-05-03,0.99,1,0.99,1,571
GXH.NZ,2024-05-06,1.01,1.02,1,1,5410
GXH.NZ,2024-05-07,0.99,0.99,0.99,0.99,1783
GXH.NZ,2024-05-08,1.01,1.02,1.01,1.02,2484
GXH.NZ,2024-05-09,0.99,1,0.98,1,4948
GXH.NZ,2024-05-10,1.02,1.03,1.01,1.03,10688
GXH.NZ,2024-05-13,1.02,1.02,1.01,1.01,1523
GXH.NZ,2024-05-14,0.99,0.99,0.99,0.99,382
GXH.NZ,2024-05-15,1,1.01,0.99,0.99,6106
GXH.NZ,2024-05-16,1,1,0.99,0.99,4214
GXH.NZ,2024-05-17,0.99,0.99,0.99,0.99,3417
GXH.NZ,2024-05-20,1.02,1.02,1,1.02,2834
GXH.NZ,2024-05-21,1.02,1.02,1,1,3364
GXH.NZ,2024-05-22,1,1.01,1,1,8363
GXH.NZ,2024-05-23,0.99,1,0.99,0.99,2914
GXH.NZ,2024-05-24,1.01,1.01,0.99,1.01,2578
GXH.NZ,2024-05-26,0.99,0.99,0.99,0.99,776
GXH.NZ,2024-05-27,0.99,0.99,0.99,0.99,813
GXH.NZ,2024-05-28,1,1.01,1,1,3245
GXH.NZ,2024-05-29,1,1.01,1,1.01,988
GXH.NZ,2024-05-30,1,1.01,0.98,0.98,63546
GXH.NZ,2024-05-31,0.98,0.98,0.98,0.98,6240
GXH.NZ,2024-06-04,0.98,0.98,0.98,0.98,16840
GXH.NZ,2024-06-05,0.98,0.98,0.98,0.98,3714
GXH.NZ,2024-06-06,0.97,0.97,0.97,0.97,11611
GXH.NZ,2024-06-07,0.96,0.96,0.93,0.93,9974
GXH.NZ,2024-06-10,0.92,0.92,0.91,0.91,4638
GXH.NZ,2024-06-11,0.92,0.92,0.92,0.92,216
GXH.NZ,2024-06-12,0.9,0.9,0.9,0.9,14215
GXH.NZ,2024-06-13,0.89,0.9,0.89,0.9,3311
GXH.NZ,2024-06-14,0.89,0.89,0.89,0.89,554
GXH.NZ,2024-06-17,0.88,0.88,0.88,0.88,4938
GXH.NZ,2024-06-18,0.87,0.87,0.86,0.86,19870
GXH.NZ,2024-06-19,0.85,0.85,0.84,0.84,5190
GXH.NZ,2024-06-20,0.83,0.83,0.81,0.81,5323
GXH.NZ,2024-06-21,0.8,0.8,0.79,0.79,49474
GXH.NZ,2024-06-24,0.78,0.78,0.77,0.77,23384
GXH.NZ,2024-06-25,0.77,0.77,0.75,0.75,18593
GXH.NZ,2024-06-26,0.73,0.74,0.71,0.74,113425
GXH.NZ,2024-06-27,0.72,0.72,0.71,0.71,43956
GXH.NZ,2024-07-01,0.73,0.74,0.73,0.74,9863
GXH.NZ,2024-07-02,0.73,0.74,0.73,0.74,28533
GXH.NZ,2024-07-03,0.75,0.76,0.74,0.74,13763
GXH.NZ,2024-07-04,0.75,0.75,0.74,0.74,4762
GXH.NZ,2024-07-05,0.74,0.75,0.73,0.75,13290
GXH.NZ,2024-07-08,0.75,0.77,0.75,0.77,28540
GXH.NZ,2024-07-09,0.79,0.8,0.79,0.8,12375
GXH.NZ,2024-07-10,0.81,0.82,0.81,0.82,17005
GXH.NZ,2024-07-11,0.83,0.83,0.83,0.83,1099
GXH.NZ,2024-07-12,0.84,0.86,0.83,0.86,18373
GXH.NZ,2024-07-15,0.86,0.86,0.83,0.83,9585
GXH.NZ,2024-07-16,0.82,0.82,0.81,0.81,2317
GXH.NZ,2024-07-17,0.79,0.79,0.77,0.78,58893
GXH.NZ,2024-07-18,0.8,0.81,0.8,0.81,19147
GXH.NZ,2024-07-19,0.82,0.85,0.82,0.85,2183
GXH.NZ,2024-07-22,0.85,0.86,0.83,0.83,4387
GXH.NZ,2024-07-23,0.86,0.86,0.84,0.84,4663
GXH.NZ,2024-07-24,0.88,0.88,0.87,0.87,7695
GXH.NZ,2024-07-25,0.9,0.9,0.9,0.9,36523
GXH.NZ,2024-07-26,0.9,0.9,0.88,0.9,468
GXH.NZ,2024-07-29,0.88,0.9,0.88,0.9,30098
GXH.NZ,2024-07-30,0.9,0.9,0.88,0.88,11801
GXH.NZ,2024-07-31,0.88,0.9,0.88,0.88,5648
GXH.NZ,2024-08-01,0.88,0.88,0.85,0.87,19415
GXH.NZ,2024-08-02,0.87,0.87,0.85,0.85,1107
GXH.NZ,2024-08-05,0.87,0.87,0.8,0.8,4396
GXH.NZ,2024-08-06,0.78,0.78,0.76,0.78,65318
GXH.NZ,2024-08-07,0.78,0.8,0.78,0.8,3639
GXH.NZ,2024-08-08,0.8,0.8,0.79,0.79,17588
GXH.NZ,2024-08-09,0.8,0.8,0.8,0.8,9931
GXH.NZ,2024-08-12,0.8,0.82,0.8,0.82,2530
GXH.NZ,2024-08-13,0.82,0.84,0.82,0.82,476
GXH.NZ,2024-08-14,0.8,0.8,0.78,0.78,22284
GXH.NZ,2024-08-15,0.78,0.79,0.78,0.78,26915
GXH.NZ,2024-08-16,0.79,0.79,0.79,0.79,8331
GXH.NZ,2024-08-19,0.8,0.81,0.8,0.81,43175
GXH.NZ,2024-08-20,0.81,0.82,0.81,0.82,7610
GXH.NZ,2024-08-21,0.82,0.84,0.82,0.82,1250
GXH.NZ,2024-08-22,0.82,0.9,0.82,0.9,8728
GXH.NZ,2024-08-23,0.9,0.9,0.9,0.9,18290
GXH.NZ,2024-08-26,0.9,0.9,0.9,0.9,2416
GXH.NZ,2024-08-27,0.9,0.9,0.88,0.88,8725
GXH.NZ,2024-08-28,0.88,0.89,0.88,0.89,2239
GXH.NZ,2024-08-29,0.88,0.89,0.88,0.88,72423
GXH.NZ,2024-08-30,0.88,0.89,0.88,0.89,1459
GXH.NZ,2024-09-02,0.89,0.89,0.89,0.89,1326
GXH.NZ,2024-09-03,0.88,0.89,0.88,0.89,726
GXH.NZ,2024-09-04,0.85,0.86,0.85,0.86,5238
GXH.NZ,2024-09-05,0.85,0.85,0.83,0.83,534
GXH.NZ,2024-09-06,0.84,0.84,0.84,0.84,580
GXH.NZ,2024-09-09,0.85,0.85,0.85,0.85,10528
GXH.NZ,2024-09-10,0.85,0.85,0.85,0.85,0
GXH.NZ,2024-09-11,0.8,0.8,0.8,0.8,4580
GXH.NZ,2024-09-12,0.8,0.8,0.8,0.8,0
GXH.NZ,2024-09-13,0.81,0.82,0.81,0.82,748
GXH.NZ,2024-09-15,0.83,0.84,0.83,0.84,508
GXH.NZ,2024-09-16,0.82,0.82,0.82,0.82,0
GXH.NZ,2024-09-17,0.83,0.83,0.81,0.81,15714
GXH.NZ,2024-09-18,0.79,0.79,0.78,0.79,1074
GXH.NZ,2024-09-19,0.78,0.8,0.78,0.79,28265
GXH.NZ,2024-09-20,0.79,0.8,0.76,0.76,38735
GXH.NZ,2024-09-22,0.77,0.77,0.77,0.77,410
GXH.NZ,2024-09-23,0.76,0.76,0.76,0.76,0
GXH.NZ,2024-09-24,0.78,0.8,0.78,0.8,2619
GXH.NZ,2024-09-25,0.78,0.78,0.77,0.77,853
GXH.NZ,2024-09-26,0.77,0.77,0.76,0.77,4553
GXH.NZ,2024-09-27,0.76,0.77,0.76,0.77,40393
GXH.NZ,2024-09-30,0.77,0.77,0.75,0.77,4388
GXH.NZ,2024-10-01,0.77,0.77,0.75,0.75,45974
GXH.NZ,2024-10-02,0.76,0.76,0.75,0.75,1681
GXH.NZ,2024-10-03,0.76,0.78,0.76,0.78,36014
GXH.NZ,2024-10-04,0.77,0.77,0.74,0.74,36014
GXH.NZ,2024-10-06,0.73,0.73,0.73,0.73,1331
GXH.NZ,2024-10-07,0.73,0.73,0.73,0.73,1331
GXH.NZ,2024-10-08,0.78,0.78,0.78,0.78,0
GXH.NZ,2024-10-09,0.75,0.75,0.73,0.74,7878
GXH.NZ,2024-10-10,0.77,0.77,0.73,0.74,3559
GXH.NZ,2024-10-11,0.74,0.74,0.74,0.74,0
GXH.NZ,2024-10-14,0.76,0.76,0.76,0.76,1490
GXH.NZ,2024-10-15,0.76,0.76,0.75,0.76,10865
GXH.NZ,2024-10-16,0.76,0.76,0.75,0.75,9332
GXH.NZ,2024-10-17,0.75,0.75,0.73,0.75,11685
GXH.NZ,2024-10-18,0.73,0.74,0.73,0.73,8881
GXH.NZ,2024-10-20,0.74,0.74,0.72,0.72,16685
GXH.NZ,2024-10-21,0.73,0.73,0.73,0.73,0
GXH.NZ,2024-10-22,0.74,0.74,0.72,0.73,20112
GXH.NZ,2024-10-23,0.73,0.73,0.73,0.73,0
GXH.NZ,2024-10-24,0.75,0.75,0.75,0.75,2546
GXH.NZ,2024-10-25,0.73,0.77,0.73,0.76,16779
GXH.NZ,2024-10-29,0.74,0.74,0.73,0.73,46478
GXH.NZ,2024-10-30,0.74,0.74,0.73,0.73,2020
GXH.NZ,2024-10-31,0.74,0.74,0.74,0.74,0
GXH.NZ,2024-11-01,0.74,0.76,0.74,0.76,1515
GXH.NZ,2024-11-04,0.76,0.77,0.76,0.77,10992
GXH.NZ,2024-11-05,0.79,0.8,0.79,0.79,2368
GXH.NZ,2024-11-06,0.8,0.8,0.8,0.8,0
GXH.NZ,2024-11-07,0.82,0.82,0.78,0.78,5797
GXH.NZ,2024-11-08,0.78,0.82,0.78,0.82,1138
GXH.NZ,2024-11-11,0.78,0.78,0.76,0.76,10727
GXH.NZ,2024-11-12,0.78,0.82,0.78,0.81,1547
GXH.NZ,2024-11-13,0.8,0.83,0.8,0.8,11661
GXH.NZ,2024-11-14,0.8,0.83,0.8,0.83,12932
GXH.NZ,2024-11-15,0.81,0.82,0.81,0.81,13148
GXH.NZ,2024-11-17,0.79,0.79,0.76,0.76,9675
GXH.NZ,2024-11-18,0.81,0.81,0.81,0.81,0
GXH.NZ,2024-11-19,0.79,0.8,0.78,0.78,4805
GXH.NZ,2024-11-20,0.79,0.8,0.76,0.8,14462
GXH.NZ,2024-11-21,0.8,0.8,0.78,0.78,52513
GXH.NZ,2024-11-22,0.77,0.78,0.74,0.74,13433
GXH.NZ,2024-11-25,0.75,0.76,0.75,0.75,1226
GXH.NZ,2024-11-26,0.77,0.8,0.77,0.8,24876
GXH.NZ,2024-11-27,0.8,0.8,0.8,0.8,0
GXH.NZ,2024-11-28,0.81,0.86,0.81,0.86,60922
GXH.NZ,2024-11-29,0.83,0.83,0.83,0.83,7544
GXH.NZ,2024-12-02,0.85,0.87,0.85,0.87,1919
GXH.NZ,2024-12-03,0.87,0.87,0.83,0.83,2945
GXH.NZ,2024-12-04,0.8,0.89,0.8,0.89,16859
GXH.NZ,2024-12-05,0.89,0.89,0.89,0.89,2850
GXH.NZ,2024-12-06,0.89,0.89,0.85,0.86,46897
GXH.NZ,2024-12-09,0.88,0.88,0.81,0.81,2229
GXH.NZ,2024-12-10,0.79,0.79,0.78,0.79,14599
GXH.NZ,2024-12-11,0.79,0.86,0.77,0.86,5399
GXH.NZ,2024-12-12,0.89,0.89,0.86,0.86,1604
GXH.NZ,2024-12-13,0.85,0.85,0.8,0.8,2366
GXH.NZ,2024-12-16,0.8,0.8,0.75,0.75,27312
GXH.NZ,2024-12-17,0.75,0.79,0.75,0.79,19933
GXH.NZ,2024-12-18,0.78,0.8,0.78,0.8,814
GXH.NZ,2024-12-19,0.8,0.8,0.8,0.8,10224
GXH.NZ,2024-12-20,0.8,0.8,0.8,0.8,0
GXH.NZ,2024-12-23,0.82,0.83,0.82,0.83,13167
GXH.NZ,2024-12-24,0.83,0.83,0.83,0.83,0
GXH.NZ,2024-12-27,0.85,0.86,0.84,0.84,11050
GXH.NZ,2024-12-30,0.8,0.83,0.8,0.83,5548
GXH.NZ,2024-12-31,0.8,0.8,0.8,0.8,0
GXH.NZ,2025-01-02,0.85,0.85,0.82,0.82,31422
GXH.NZ,2025-01-03,0.8,0.8,0.8,0.8,0
GXH.NZ,2025-01-06,0.85,0.87,0.83,0.85,9462
GXH.NZ,2025-01-07,0.87,0.87,0.85,0.85,5738
GXH.NZ,2025-01-08,0.85,0.85,0.85,0.85,0
GXH.NZ,2025-01-09,0.84,0.84,0.84,0.84,1273
GXH.NZ,2025-01-10,0.83,0.83,0.83,0.83,6507
GXH.NZ,2025-01-13,0.82,0.82,0.81,0.81,4366
GXH.NZ,2025-01-14,0.8,0.8,0.77,0.77,8029
GXH.NZ,2025-01-15,0.79,0.79,0.79,0.79,6
GXH.NZ,2025-01-16,0.77,0.77,0.77,0.77,0
GXH.NZ,2025-01-17,0.8,0.8,0.79,0.79,7270
GXH.NZ,2025-01-19,0.79,0.79,0.78,0.78,2183
GXH.NZ,2025-01-20,0.79,0.79,0.79,0.79,0
GXH.NZ,2025-01-21,0.79,0.8,0.79,0.8,8436
GXH.NZ,2025-01-22,0.79,0.8,0.79,0.8,2062
GXH.NZ,2025-01-23,0.79,0.8,0.78,0.8,47414
GXH.NZ,2025-01-24,0.8,0.8,0.8,0.8,0
GXH.NZ,2025-01-27,0.82,0.83,0.82,0.83,1080
GXH.NZ,2025-01-28,0.82,0.82,0.77,0.77,17581
GXH.NZ,2025-01-29,0.75,0.75,0.75,0.75,1642
GXH.NZ,2025-01-30,0.75,0.75,0.75,0.75,0
GXH.NZ,2025-01-31,0.77,0.78,0.77,0.78,1018
GXH.NZ,2025-02-03,0.77,0.8,0.77,0.8,6976
GXH.NZ,2025-02-04,0.82,0.83,0.82,0.83,20717
GXH.NZ,2025-02-05,0.82,0.84,0.82,0.84,169
GXH.NZ,2025-02-07,0.84,0.84,0.83,0.84,6925
GXH.NZ,2025-02-10,0.84,0.84,0.81,0.81,14239
GXH.NZ,2025-02-11,0.81,0.81,0.8,0.8,933
GXH.NZ,2025-02-12,0.78,0.78,0.77,0.78,8638
GXH.NZ,2025-02-13,0.79,0.84,0.79,0.83,12687
GXH.NZ,2025-02-14,0.84,0.84,0.82,0.82,103789
GXH.NZ,2025-02-17,0.84,0.84,0.83,0.84,1220
GXH.NZ,2025-02-18,0.83,0.84,0.83,0.83,70194
GXH.NZ,2025-02-19,0.83,0.83,0.83,0.83,0
GXH.NZ,2025-02-20,0.83,0.84,0.83,0.83,3054
GXH.NZ,2025-02-21,0.84,0.84,0.83,0.84,6311
GXH.NZ,2025-02-24,0.84,0.84,0.83,0.83,15591
GXH.NZ,2025-02-25,0.84,0.84,0.83,0.83,8707
GXH.NZ,2025-02-26,0.83,0.83,0.82,0.82,9003
GXH.NZ,2025-02-27,0.82,0.82,0.8,0.8,278
GXH.NZ,2025-02-28,0.82,0.82,0.8,0.8,1460
GXH.NZ,2025-03-03,0.8,0.8,0.8,0.8,0
GXH.NZ,2025-03-04,0.79,0.81,0.79,0.81,5168
GXH.NZ,2025-03-05,0.81,0.81,0.78,0.78,14249
GXH.NZ,2025-03-06,0.78,0.78,0.78,0.78,0
GXH.NZ,2025-03-07,0.78,0.78,0.78,0.78,0
GXH.NZ,2025-03-10,0.79,0.81,0.79,0.81,885
GXH.NZ,2025-03-11,0.81,0.81,0.81,0.81,2221
GXH.NZ,2025-03-12,0.81,0.81,0.81,0.81,0
GXH.NZ,2025-03-13,0.81,0.81,0.81,0.81,0
GXH.NZ,2025-03-14,0.81,0.81,0.81,0.81,0
GXH.NZ,2025-03-17,0.81,0.81,0.8,0.8,73622
GXH.NZ,2025-03-18,0.8,0.8,0.8,0.8,0
GXH.NZ,2025-03-19,0.81,0.81,0.8,0.8,5500
GXH.NZ,2025-03-20,0.79,0.79,0.77,0.77,6895
GXH.NZ,2025-03-21,0.76,0.76,0.75,0.75,665
GXH.NZ,2025-03-24,0.75,0.75,0.74,0.74,21432
GXH.NZ,2025-03-25,0.75,0.75,0.75,0.75,6607
GXH.NZ,2025-03-26,0.74,0.75,0.74,0.74,1307
GXH.NZ,2025-03-27,0.77,0.77,0.77,0.77,1778
GXH.NZ,2025-03-28,0.74,0.74,0.74,0.74,0
GXH.NZ,2025-03-31,0.79,0.79,0.75,0.75,14127
GXH.NZ,2025-04-01,0.77,0.77,0.77,0.77,1991
GXH.NZ,2025-04-02,0.77,0.77,0.74,0.74,12915
GXH.NZ,2025-04-03,0.75,0.76,0.74,0.74,29423
GXH.NZ,2025-04-04,0.74,0.75,0.72,0.75,23534
GXH.NZ,2025-04-07,0.74,0.74,0.71,0.71,45112
GXH.NZ,2025-04-08,0.72,0.73,0.71,0.73,35921
GXH.NZ,2025-04-09,0.73,0.74,0.73,0.74,49577
GXH.NZ,2025-04-10,0.74,0.74,0.73,0.74,54704
GXH.NZ,2025-04-11,0.75,0.75,0.74,0.74,26076
GXH.NZ,2025-04-14,0.74,0.74,0.74,0.74,2278
GXH.NZ,2025-04-15,0.73,0.74,0.73,0.73,5629
GXH.NZ,2025-04-16,0.74,0.74,0.73,0.73,3760
GXH.NZ,2025-04-17,0.74,0.74,0.74,0.74,1317
GXH.NZ,2025-04-22,0.73,0.74,0.73,0.74,1039
GXH.NZ,2025-04-23,0.74,0.74,0.74,0.74,1337
GXH.NZ,2025-04-24,0.72,0.72,0.72,0.72,21166
GXH.NZ,2025-04-28,0.74,0.74,0.73,0.74,15887
GXH.NZ,2025-04-29,0.73,0.73,0.72,0.72,2633
GXH.NZ,2025-04-30,0.72,0.72,0.72,0.72,3890
GXH.NZ,2025-05-01,0.71,0.72,0.71,0.72,4076
GXH.NZ,2025-05-02,0.71,0.72,0.71,0.72,36151
GXH.NZ,2025-05-05,0.71,0.74,0.71,0.74,45982
GXH.NZ,2025-05-06,0.73,0.73,0.73,0.73,37043
GXH.NZ,2025-05-07,0.72,0.72,0.72,0.72,44410
GXH.NZ,2025-05-08,0.72,0.72,0.72,0.72,19965
GXH.NZ,2025-05-09,0.71,0.72,0.71,0.72,112897
GXH.NZ,2025-05-12,0.74,0.76,0.74,0.75,1904
GXH.NZ,2025-05-13,0.75,0.76,0.75,0.75,1953
GXH.NZ,2025-05-14,0.78,0.82,0.78,0.82,1704
GXH.NZ,2025-05-15,0.83,0.86,0.83,0.85,9219
GXH.NZ,2025-05-16,0.84,0.84,0.83,0.83,4632
GXH.NZ,2025-05-19,0.83,0.84,0.82,0.83,3507
GXH.NZ,2025-05-20,0.84,0.84,0.83,0.83,30659
GXH.NZ,2025-05-21,0.84,0.84,0.84,0.84,1452
GXH.NZ,2025-05-22,0.84,0.84,0.83,0.83,4929
GXH.NZ,2025-05-23,0.83,0.83,0.83,0.83,1376
GXH.NZ,2025-05-26,0.81,0.81,0.75,0.75,52351
GXH.NZ,2025-05-27,0.75,0.75,0.73,0.73,55849
GXH.NZ,2025-05-28,0.73,0.78,0.73,0.78,6474
GXH.NZ,2025-05-29,0.82,0.84,0.73,0.83,121156
GXH.NZ,2025-05-30,0.83,0.83,0.81,0.81,15926
GXH.NZ,2025-06-03,0.82,0.82,0.81,0.82,13377
GXH.NZ,2025-06-04,0.8,0.8,0.8,0.8,35869
GXH.NZ,2025-06-05,0.77,0.79,0.77,0.78,47170
GXH.NZ,2025-06-06,0.78,0.79,0.75,0.75,62007
GXH.NZ,2025-06-09,0.76,0.78,0.75,0.78,8490
GXH.NZ,2025-06-10,0.78,0.78,0.78,0.78,2091
GXH.NZ,2025-06-11,0.78,0.78,0.78,0.78,0
GXH.NZ,2025-06-12,0.78,0.78,0.78,0.78,0
